{
  "navigationBarTitleText": "发布新闻",
  "usingComponents": {
    "van-search": "/static/vant/search/index",
    "i-notice-bar":"/static/view/notice-bar/index",
    "i-row":"/static/view/row/index",
    "i-col":"/static/view/col/index",
    "i-badge":"/static/view/badge/index",
    "i-panel":"/static/view/panel/index",
    "van-field":"/static/vant/field/index",
    "i-icon":"/static/view/icon/index",
    "i-button":"/static/view/button/index",
    "van-popup":"/static/vant/popup/index",
    "van-checkbox":"/static/vant/checkbox/index",
    "van-checkbox-group":"/static/vant/checkbox-group/index",
    "van-image":"/static/vant/image/index",
    "van-icon":"/static/vant/icon/index",
    "van-button":"/static/vant/button/index",
    "i-checkbox-group":"/static/view/checkbox-group/index",
    "i-checkbox":"/static/view/checkbox/index",
    "van-action-sheet":"/static/vant/action-sheet/index",
    "van-cell-group":"/static/vant/cell-group/index",
    "van-cell":"/static/vant/cell/index"
  }
}
